-- phpMyAdmin SQL Dump
-- version 5.2.1
-- https://www.phpmyadmin.net/
--
-- Hôte : 127.0.0.1
-- Généré le : mer. 15 oct. 2025 à 10:39
-- Version du serveur : 10.4.32-MariaDB
-- Version de PHP : 8.2.12

SET SQL_MODE = "NO_AUTO_VALUE_ON_ZERO";
START TRANSACTION;
SET time_zone = "+00:00";


/*!40101 SET @OLD_CHARACTER_SET_CLIENT=@@CHARACTER_SET_CLIENT */;
/*!40101 SET @OLD_CHARACTER_SET_RESULTS=@@CHARACTER_SET_RESULTS */;
/*!40101 SET @OLD_COLLATION_CONNECTION=@@COLLATION_CONNECTION */;
/*!40101 SET NAMES utf8mb4 */;

--
-- Base de données : `hicham_trotinettes`
--

-- --------------------------------------------------------

--
-- Structure de la table `accessory`
--

CREATE TABLE `accessory` (
  `id` int(11) NOT NULL,
  `name` varchar(255) NOT NULL,
  `slug` varchar(255) NOT NULL,
  `description` longtext NOT NULL,
  `image` varchar(255) NOT NULL,
  `is_best` tinyint(1) NOT NULL
) ENGINE=InnoDB DEFAULT CHARSET=utf8mb4 COLLATE=utf8mb4_unicode_ci;

--
-- Déchargement des données de la table `accessory`
--

INSERT INTO `accessory` (`id`, `name`, `slug`, `description`, `image`, `is_best`) VALUES
(1, 'Siege', 'siege', 'Siege pour trott', 'Xtreme-Siege.jpg', 1),
(2, 'Roue', 'roue', 'Roue pour trott', 'roues-etoiles.jpg', 1),
(3, 'Guidon', 'guidon', 'Guidon pour trott', 'guidon-blunt-black-v3.jpg', 0),
(4, 'Frein', 'frein', 'Frein pour trott', 'freins.jpg', 0),
(5, 'Accessoire de test', 'Accessoire-de-test', 'Accessoire de test', 'roues-gold.jpg', 0);

-- --------------------------------------------------------

--
-- Structure de la table `address`
--

CREATE TABLE `address` (
  `id` int(11) NOT NULL,
  `user_id` int(11) NOT NULL,
  `name` varchar(255) NOT NULL,
  `firstname` varchar(255) NOT NULL,
  `lastname` varchar(255) NOT NULL,
  `company` varchar(255) DEFAULT NULL,
  `address` varchar(255) NOT NULL,
  `postal` varchar(20) NOT NULL,
  `city` varchar(255) NOT NULL,
  `country` varchar(255) NOT NULL,
  `phone` varchar(20) NOT NULL,
  `type` varchar(50) DEFAULT NULL
) ENGINE=InnoDB DEFAULT CHARSET=utf8mb4 COLLATE=utf8mb4_unicode_ci;

--
-- Déchargement des données de la table `address`
--

INSERT INTO `address` (`id`, `user_id`, `name`, `firstname`, `lastname`, `company`, `address`, `postal`, `city`, `country`, `phone`, `type`) VALUES
(1, 1, '', '', '', NULL, '51 Rue de Konoha', '63200', '', 'France', '', NULL),
(2, 2, '', '', '', NULL, '51 Rue du Hueco Mundo', '63118', '', 'France', '', NULL);

-- --------------------------------------------------------

--
-- Structure de la table `caracteristique`
--

CREATE TABLE `caracteristique` (
  `id` int(11) NOT NULL,
  `name` varchar(255) NOT NULL
) ENGINE=InnoDB DEFAULT CHARSET=utf8mb4 COLLATE=utf8mb4_unicode_ci;

--
-- Déchargement des données de la table `caracteristique`
--

INSERT INTO `caracteristique` (`id`, `name`) VALUES
(1, 'Taille'),
(2, 'Poids'),
(3, 'Batterie'),
(4, 'Vitesse maximale'),
(5, 'Autonomie'),
(6, 'Charge maximale'),
(7, 'sécurité enfant');

-- --------------------------------------------------------

--
-- Structure de la table `categorie_caracteristique`
--

CREATE TABLE `categorie_caracteristique` (
  `id` int(11) NOT NULL,
  `name` varchar(255) NOT NULL
) ENGINE=InnoDB DEFAULT CHARSET=utf8mb4 COLLATE=utf8mb4_unicode_ci;

--
-- Déchargement des données de la table `categorie_caracteristique`
--

INSERT INTO `categorie_caracteristique` (`id`, `name`) VALUES
(1, 'Informations générales'),
(2, 'Motorisation'),
(3, 'Freins'),
(4, 'Roues & Pneus'),
(5, 'Dimensions & Poids'),
(6, 'Autres particularités'),
(7, 'Équipement de sécurité');

-- --------------------------------------------------------

--
-- Structure de la table `doctrine_migration_versions`
--

CREATE TABLE `doctrine_migration_versions` (
  `version` varchar(191) NOT NULL,
  `executed_at` datetime DEFAULT NULL,
  `execution_time` int(11) DEFAULT NULL
) ENGINE=InnoDB DEFAULT CHARSET=utf8 COLLATE=utf8_unicode_ci;

--
-- Déchargement des données de la table `doctrine_migration_versions`
--

INSERT INTO `doctrine_migration_versions` (`version`, `executed_at`, `execution_time`) VALUES
('DoctrineMigrations\\Version20250924130421', '2025-09-25 10:42:28', 295),
('DoctrineMigrations\\Version20250924145650', '2025-09-25 10:42:29', 41),
('DoctrineMigrations\\Version20250929114244', '2025-09-30 12:51:40', 76),
('DoctrineMigrations\\Version20251013140153', '2025-10-13 16:01:56', 745);

-- --------------------------------------------------------

--
-- Structure de la table `illustration`
--

CREATE TABLE `illustration` (
  `id` int(11) NOT NULL,
  `trottinette_id` int(11) NOT NULL,
  `image` varchar(255) NOT NULL
) ENGINE=InnoDB DEFAULT CHARSET=utf8mb4 COLLATE=utf8mb4_unicode_ci;

--
-- Déchargement des données de la table `illustration`
--

INSERT INTO `illustration` (`id`, `trottinette_id`, `image`) VALUES
(1, 1, 'trottbleue-02.png'),
(2, 1, 'trottbleue-03.png'),
(3, 1, 'trottbleue-04.png'),
(4, 1, 'trottbleue-05.png'),
(5, 2, 'trottjaune-02.jpg'),
(6, 2, 'trottjaune-03.jpg'),
(7, 2, 'trottjaune-04.jpg'),
(8, 2, 'trottjaune-05.jpg'),
(9, 3, 'trottvert-02.jpg'),
(10, 3, 'trottvert-03.jpg'),
(11, 3, 'trottvert-04.jpg'),
(12, 3, 'trottvert-05.jpg');

-- --------------------------------------------------------

--
-- Structure de la table `illustrationaccess`
--

CREATE TABLE `illustrationaccess` (
  `id` int(11) NOT NULL,
  `accessory_id` int(11) NOT NULL,
  `image` varchar(255) NOT NULL
) ENGINE=InnoDB DEFAULT CHARSET=utf8mb4 COLLATE=utf8mb4_unicode_ci;

--
-- Déchargement des données de la table `illustrationaccess`
--

INSERT INTO `illustrationaccess` (`id`, `accessory_id`, `image`) VALUES
(1, 1, 'siege-trott-elec.jpg'),
(2, 1, 'siege-rouge.jpg'),
(3, 1, 'siege-double.jpg'),
(4, 2, 'Roues-freestyle.jpg'),
(5, 2, 'roues-gold.jpg'),
(6, 2, 'roues-stunt.jpg'),
(7, 3, 'guidon-blunt-black-v3.jpg'),
(8, 3, 'guidon-multicolor.png'),
(9, 3, 'guidon-titanium.jpg'),
(10, 4, 'freins-jaune.jpg'),
(11, 4, 'freins-rouge.jpeg'),
(12, 4, 'etrier-de-frein.jpg');

-- --------------------------------------------------------

--
-- Structure de la table `messenger_messages`
--

CREATE TABLE `messenger_messages` (
  `id` bigint(20) NOT NULL,
  `body` longtext NOT NULL,
  `headers` longtext NOT NULL,
  `queue_name` varchar(190) NOT NULL,
  `created_at` datetime NOT NULL COMMENT '(DC2Type:datetime_immutable)',
  `available_at` datetime NOT NULL COMMENT '(DC2Type:datetime_immutable)',
  `delivered_at` datetime DEFAULT NULL COMMENT '(DC2Type:datetime_immutable)'
) ENGINE=InnoDB DEFAULT CHARSET=utf8mb4 COLLATE=utf8mb4_unicode_ci;

-- --------------------------------------------------------

--
-- Structure de la table `trottinette`
--

CREATE TABLE `trottinette` (
  `id` int(11) NOT NULL,
  `name` varchar(255) NOT NULL,
  `name_short` varchar(255) DEFAULT NULL,
  `slug` varchar(255) NOT NULL,
  `description` longtext NOT NULL,
  `description_short` longtext DEFAULT NULL,
  `image` varchar(255) NOT NULL,
  `is_best` tinyint(1) NOT NULL,
  `is_header` tinyint(1) NOT NULL,
  `header_image` varchar(255) DEFAULT NULL,
  `header_btn_title` varchar(255) DEFAULT NULL
) ENGINE=InnoDB DEFAULT CHARSET=utf8mb4 COLLATE=utf8mb4_unicode_ci;

--
-- Déchargement des données de la table `trottinette`
--

INSERT INTO `trottinette` (`id`, `name`, `name_short`, `slug`, `description`, `description_short`, `image`, `is_best`, `is_header`, `header_image`, `header_btn_title`) VALUES
(1, 'Trottinette électrique honey whale m5 max avec siège', 'Honey Whale M5 Max', 'Trottinette-électrique-honey-whale-m5-max-avec-siège', '【Performance puissante】...', 'Moteur 1000 W, pneus 14 pouces, autonomie 40 km', 'trottbleue-01.png', 1, 1, 'foot-soccer.jpg', 'test'),
(2, 'KUGOO Kukirin C1 Pro', 'KUGOO C1 Pro', 'KUGOO-Kukirin-C1-Pro', 'Aperçu du produit : Vitesse maximale 45 km/h Charge max. 120 kg Autonomie 100 km Puissance continue 500 W Siège', 'Vitesse 45 km/h, autonomie 100 km, charge max 120 kg', 'trottjaune-01.jpg', 1, 0, 'foot-hiver.jpg', 'test'),
(3, 'Bogist M5 Pro', 'Bogist M5 Pro', 'Bogist-M5-Pro', 'Moteur puissant de 500 W pour des vitesses élevées...', 'Moteur 500 W, pneus 12 pouces, autonomie 35 km', 'trottvert-01.jpg', 1, 1, 'foot-ete.jpg', 'test');

-- --------------------------------------------------------

--
-- Structure de la table `trottinette_accessory`
--

CREATE TABLE `trottinette_accessory` (
  `id` int(11) NOT NULL,
  `trottinette_id` int(11) NOT NULL,
  `accessory_id` int(11) NOT NULL
) ENGINE=InnoDB DEFAULT CHARSET=utf8mb4 COLLATE=utf8mb4_unicode_ci;

--
-- Déchargement des données de la table `trottinette_accessory`
--

INSERT INTO `trottinette_accessory` (`id`, `trottinette_id`, `accessory_id`) VALUES
(1, 1, 1),
(2, 1, 2),
(3, 1, 3),
(4, 1, 4),
(5, 2, 1),
(6, 2, 3),
(7, 3, 2),
(8, 3, 4),
(9, 1, 5);

-- --------------------------------------------------------

--
-- Structure de la table `trottinette_caracteristique`
--

CREATE TABLE `trottinette_caracteristique` (
  `id` int(11) NOT NULL,
  `trottinette_id` int(11) DEFAULT NULL,
  `caracteristique_id` int(11) DEFAULT NULL,
  `categorie_id` int(11) DEFAULT NULL,
  `title` varchar(255) DEFAULT NULL,
  `value` varchar(255) DEFAULT NULL
) ENGINE=InnoDB DEFAULT CHARSET=utf8mb4 COLLATE=utf8mb4_unicode_ci;

--
-- Déchargement des données de la table `trottinette_caracteristique`
--

INSERT INTO `trottinette_caracteristique` (`id`, `trottinette_id`, `caracteristique_id`, `categorie_id`, `title`, `value`) VALUES
(1, 1, 1, 1, 'Dimensions', '1380 x 320 x 630 mm'),
(2, 1, 2, 2, 'Poids', '36 kg'),
(3, 1, 3, 3, 'Batterie', '48 V 13 Ah'),
(79, 3, 6, 6, 'Charge maximale', '120 kg');

-- --------------------------------------------------------

--
-- Structure de la table `trottinette_description_section`
--

CREATE TABLE `trottinette_description_section` (
  `id` int(11) NOT NULL,
  `trottinette_id` int(11) NOT NULL,
  `title` varchar(255) NOT NULL,
  `content` longtext NOT NULL,
  `section_order` int(11) NOT NULL
) ENGINE=InnoDB DEFAULT CHARSET=utf8mb4 COLLATE=utf8mb4_unicode_ci;

--
-- Déchargement des données de la table `trottinette_description_section`
--

INSERT INTO `trottinette_description_section` (`id`, `trottinette_id`, `title`, `content`, `section_order`) VALUES
(1, 3, 'Moteur puissant de 500 W', 'Le BOGIST M5 Pro est propulsé par un moteur de 500 W, offrant une puissance impressionnante pour les trajets urbains ou les aventures hors route...', 1),
(2, 3, 'Batterie haute capacité 48 V 15 Ah', 'Équipé d\'une batterie au lithium 48 V 15 Ah, le M5 Pro offre une autonomie allant jusqu\'à 35 km par charge...', 2),
(18, 2, 'Freinage efficace', 'Freins à disque arrière avec système de récupération d\'énergie pour un arrêt rapide et sécurisé.', 6);

-- --------------------------------------------------------

--
-- Structure de la table `user`
--

CREATE TABLE `user` (
  `id` int(11) NOT NULL,
  `email` varchar(180) NOT NULL,
  `roles` longtext CHARACTER SET utf8mb4 COLLATE utf8mb4_bin NOT NULL COMMENT '(DC2Type:json)' CHECK (json_valid(`roles`)),
  `password` varchar(255) NOT NULL,
  `first_name` varchar(64) NOT NULL,
  `last_name` varchar(64) NOT NULL,
  `tel` varchar(16) NOT NULL
) ENGINE=InnoDB DEFAULT CHARSET=utf8mb4 COLLATE=utf8mb4_unicode_ci;

--
-- Déchargement des données de la table `user`
--

INSERT INTO `user` (`id`, `email`, `roles`, `password`, `first_name`, `last_name`, `tel`) VALUES
(1, 'admin@admin.fr', '[\"ROLE_ADMIN\",\"ROLE_USER\"]', 'Admin', 'Admin', 'Admin', '06 04 05 02 09'),
(2, 'user@user.fr', '[]', 'User', 'User', 'User', '06 01 01 01 02');

--
-- Index pour les tables déchargées
--

--
-- Index pour la table `accessory`
--
ALTER TABLE `accessory`
  ADD PRIMARY KEY (`id`);

--
-- Index pour la table `address`
--
ALTER TABLE `address`
  ADD PRIMARY KEY (`id`),
  ADD KEY `IDX_D4E6F81A76ED395` (`user_id`);

--
-- Index pour la table `caracteristique`
--
ALTER TABLE `caracteristique`
  ADD PRIMARY KEY (`id`);

--
-- Index pour la table `categorie_caracteristique`
--
ALTER TABLE `categorie_caracteristique`
  ADD PRIMARY KEY (`id`);

--
-- Index pour la table `doctrine_migration_versions`
--
ALTER TABLE `doctrine_migration_versions`
  ADD PRIMARY KEY (`version`);

--
-- Index pour la table `illustration`
--
ALTER TABLE `illustration`
  ADD PRIMARY KEY (`id`),
  ADD KEY `IDX_D67B9A42F6798F43` (`trottinette_id`);

--
-- Index pour la table `illustrationaccess`
--
ALTER TABLE `illustrationaccess`
  ADD PRIMARY KEY (`id`),
  ADD KEY `IDX_EA75D19D27E8CC78` (`accessory_id`);

--
-- Index pour la table `messenger_messages`
--
ALTER TABLE `messenger_messages`
  ADD PRIMARY KEY (`id`),
  ADD KEY `IDX_75EA56E0FB7336F0` (`queue_name`),
  ADD KEY `IDX_75EA56E0E3BD61CE` (`available_at`),
  ADD KEY `IDX_75EA56E016BA31DB` (`delivered_at`);

--
-- Index pour la table `trottinette`
--
ALTER TABLE `trottinette`
  ADD PRIMARY KEY (`id`);

--
-- Index pour la table `trottinette_accessory`
--
ALTER TABLE `trottinette_accessory`
  ADD PRIMARY KEY (`id`),
  ADD KEY `IDX_B37F755EF6798F43` (`trottinette_id`),
  ADD KEY `IDX_B37F755E27E8CC78` (`accessory_id`);

--
-- Index pour la table `trottinette_caracteristique`
--
ALTER TABLE `trottinette_caracteristique`
  ADD PRIMARY KEY (`id`),
  ADD KEY `IDX_22FC340CF6798F43` (`trottinette_id`),
  ADD KEY `IDX_22FC340C1704EEB7` (`caracteristique_id`),
  ADD KEY `IDX_22FC340CBCF5E72D` (`categorie_id`);

--
-- Index pour la table `trottinette_description_section`
--
ALTER TABLE `trottinette_description_section`
  ADD PRIMARY KEY (`id`),
  ADD KEY `IDX_B92E215BF6798F43` (`trottinette_id`);

--
-- Index pour la table `user`
--
ALTER TABLE `user`
  ADD PRIMARY KEY (`id`),
  ADD UNIQUE KEY `UNIQ_IDENTIFIER_EMAIL` (`email`);

--
-- AUTO_INCREMENT pour les tables déchargées
--

--
-- AUTO_INCREMENT pour la table `accessory`
--
ALTER TABLE `accessory`
  MODIFY `id` int(11) NOT NULL AUTO_INCREMENT, AUTO_INCREMENT=6;

--
-- AUTO_INCREMENT pour la table `address`
--
ALTER TABLE `address`
  MODIFY `id` int(11) NOT NULL AUTO_INCREMENT, AUTO_INCREMENT=3;

--
-- AUTO_INCREMENT pour la table `caracteristique`
--
ALTER TABLE `caracteristique`
  MODIFY `id` int(11) NOT NULL AUTO_INCREMENT, AUTO_INCREMENT=8;

--
-- AUTO_INCREMENT pour la table `categorie_caracteristique`
--
ALTER TABLE `categorie_caracteristique`
  MODIFY `id` int(11) NOT NULL AUTO_INCREMENT, AUTO_INCREMENT=8;

--
-- AUTO_INCREMENT pour la table `illustration`
--
ALTER TABLE `illustration`
  MODIFY `id` int(11) NOT NULL AUTO_INCREMENT, AUTO_INCREMENT=13;

--
-- AUTO_INCREMENT pour la table `illustrationaccess`
--
ALTER TABLE `illustrationaccess`
  MODIFY `id` int(11) NOT NULL AUTO_INCREMENT, AUTO_INCREMENT=13;

--
-- AUTO_INCREMENT pour la table `messenger_messages`
--
ALTER TABLE `messenger_messages`
  MODIFY `id` bigint(20) NOT NULL AUTO_INCREMENT;

--
-- AUTO_INCREMENT pour la table `trottinette`
--
ALTER TABLE `trottinette`
  MODIFY `id` int(11) NOT NULL AUTO_INCREMENT, AUTO_INCREMENT=4;

--
-- AUTO_INCREMENT pour la table `trottinette_accessory`
--
ALTER TABLE `trottinette_accessory`
  MODIFY `id` int(11) NOT NULL AUTO_INCREMENT, AUTO_INCREMENT=10;

--
-- AUTO_INCREMENT pour la table `trottinette_caracteristique`
--
ALTER TABLE `trottinette_caracteristique`
  MODIFY `id` int(11) NOT NULL AUTO_INCREMENT, AUTO_INCREMENT=80;

--
-- AUTO_INCREMENT pour la table `trottinette_description_section`
--
ALTER TABLE `trottinette_description_section`
  MODIFY `id` int(11) NOT NULL AUTO_INCREMENT, AUTO_INCREMENT=19;

--
-- AUTO_INCREMENT pour la table `user`
--
ALTER TABLE `user`
  MODIFY `id` int(11) NOT NULL AUTO_INCREMENT, AUTO_INCREMENT=3;

--
-- Contraintes pour les tables déchargées
--

--
-- Contraintes pour la table `address`
--
ALTER TABLE `address`
  ADD CONSTRAINT `FK_D4E6F81A76ED395` FOREIGN KEY (`user_id`) REFERENCES `user` (`id`);

--
-- Contraintes pour la table `illustration`
--
ALTER TABLE `illustration`
  ADD CONSTRAINT `FK_D67B9A42F6798F43` FOREIGN KEY (`trottinette_id`) REFERENCES `trottinette` (`id`);

--
-- Contraintes pour la table `illustrationaccess`
--
ALTER TABLE `illustrationaccess`
  ADD CONSTRAINT `FK_EA75D19D27E8CC78` FOREIGN KEY (`accessory_id`) REFERENCES `accessory` (`id`);

--
-- Contraintes pour la table `trottinette_accessory`
--
ALTER TABLE `trottinette_accessory`
  ADD CONSTRAINT `FK_B37F755E27E8CC78` FOREIGN KEY (`accessory_id`) REFERENCES `accessory` (`id`),
  ADD CONSTRAINT `FK_B37F755EF6798F43` FOREIGN KEY (`trottinette_id`) REFERENCES `trottinette` (`id`);

--
-- Contraintes pour la table `trottinette_caracteristique`
--
ALTER TABLE `trottinette_caracteristique`
  ADD CONSTRAINT `FK_22FC340C1704EEB7` FOREIGN KEY (`caracteristique_id`) REFERENCES `caracteristique` (`id`),
  ADD CONSTRAINT `FK_22FC340CBCF5E72D` FOREIGN KEY (`categorie_id`) REFERENCES `categorie_caracteristique` (`id`),
  ADD CONSTRAINT `FK_22FC340CF6798F43` FOREIGN KEY (`trottinette_id`) REFERENCES `trottinette` (`id`);

--
-- Contraintes pour la table `trottinette_description_section`
--
ALTER TABLE `trottinette_description_section`
  ADD CONSTRAINT `FK_B92E215BF6798F43` FOREIGN KEY (`trottinette_id`) REFERENCES `trottinette` (`id`) ON DELETE CASCADE;
COMMIT;

/*!40101 SET CHARACTER_SET_CLIENT=@OLD_CHARACTER_SET_CLIENT */;
/*!40101 SET CHARACTER_SET_RESULTS=@OLD_CHARACTER_SET_RESULTS */;
/*!40101 SET COLLATION_CONNECTION=@OLD_COLLATION_CONNECTION */;
